Job Title,Company,Location,Tags,Date,Apply Link
Vice President of Engagement Transformation,Solera Health,,"architect, growth, leader, strategy, management, medical, health, executive",2026-02-21T00:01:22+00:00,https://remoteOK.com/remote-jobs/remote-vice-president-of-engagement-transformation-solera-health-1130487
Director AI Engineering,Lantern,USA,"director, content, engineering",2026-02-21T00:01:13+00:00,https://remoteOK.com/remote-jobs/remote-director-ai-engineering-lantern-1130486
Full Stack Software Engineer II,Technergetics,Remote,"software, hr, system, director, code, engineer",2026-02-21T00:01:04+00:00,https://remoteOK.com/remote-jobs/remote-full-stack-software-engineer-ii-technergetics-1130485
Senior Product Manager Platform Life Sciences,SciLeads,,"manager, saas, support, leader, strategy, lead, senior, sales, non tech",2026-02-21T00:00:54+00:00,https://remoteOK.com/remote-jobs/remote-senior-product-manager-platform-life-sciences-scileads-1130484
Customer Success Manager,GoodTime,Remote,"manager, support, leader, recruiting, engineering",2026-02-21T00:00:43+00:00,https://remoteOK.com/remote-jobs/remote-customer-success-manager-goodtime-1130483
Business Development Manager Vocational,Geotab,,"manager, leader, operations, analytics",2026-02-21T00:00:34+00:00,https://remoteOK.com/remote-jobs/remote-business-development-manager-vocational-geotab-1130482
Legal Project & Operations Manager,Cohere Health,United States,"manager, system, training, support, growth, financial, management, lead, operations, operational, legal, medical, healthcare",2026-02-21T00:00:22+00:00,https://remoteOK.com/remote-jobs/remote-legal-project-operations-manager-cohere-health-1130481
Regional Account Executive,AMAROK,Oakland,"security, leader, executive",2026-02-21T00:00:14+00:00,https://remoteOK.com/remote-jobs/remote-regional-account-executive-amarok-1130480
Data Scientist,Solera Health,,"design, python, support, medical, health, engineering, digital nomad",2026-02-21T00:00:04+00:00,https://remoteOK.com/remote-jobs/remote-data-scientist-solera-health-1130479
Software Engineer,Galileo Financial Technologies,Seattle,"software, code, finance, financial, banking, excel, analytics, health, engineer, engineering",2026-02-20T19:00:09+00:00,https://remoteOK.com/remote-jobs/remote-software-engineer-galileo-financial-technologies-1130478
,,,,2026-02-20T19:00:01+00:00,https://remoteOK.com/remote-jobs/remote-1130477
Senior Partnerships Manager Spain Italy,Parloa,Madrid,"manager, growth, management, lead, senior, marketing, sales",2026-02-20T16:01:27+00:00,https://remoteOK.com/remote-jobs/remote-senior-partnerships-manager-spain-italy-parloa-1130475
Senior People Operations Partner,Adyen,San Francisco,"design, hr, system, technical, support, growth, management, lead, senior, operations, operational, analytics, digital nomad",2026-02-20T16:01:18+00:00,https://remoteOK.com/remote-jobs/remote-senior-people-operations-partner-adyen-1130474
3D Designer,Exadel,"Brazil, Poland","3d, design, designer, technical, support, marketing, engineering, digital nomad",2026-02-20T16:01:06+00:00,https://remoteOK.com/remote-jobs/remote-3d-designer-exadel-1130473
Manager of Sales PerfectScale North America,DoiT,,"manager, growth, cloud, microsoft, management, sales, engineering",2026-02-20T16:00:53+00:00,https://remoteOK.com/remote-jobs/remote-manager-of-sales-perfectscale-north-america-doit-1130472
Engineer,ScienceLogic,"Reston, VA","developer, software, testing, test, cloud, senior, engineer, engineering, digital nomad",2026-02-20T16:00:44+00:00,https://remoteOK.com/remote-jobs/remote-engineer-sciencelogic-1130471
Division Manager KY WV,Juul Labs,,"manager, growth, director, adult, leader, strategy, lead, operations, sales",2026-02-20T16:00:31+00:00,https://remoteOK.com/remote-jobs/remote-division-manager-ky-wv-juul-labs-1130470
College Admissions Counselor,Empowerly,Remote,"students, support, testing, scrum, financial, education, internship, part-time, non tech",2026-02-20T16:00:18+00:00,https://remoteOK.com/remote-jobs/remote-college-admissions-counselor-empowerly-1130469
Corporate Paralegal,,Denver,"security, support, finance, operations, operational, legal, non tech",2026-02-20T16:00:11+00:00,https://remoteOK.com/remote-jobs/remote-corporate-paralegal-1130468
Partner Success Manager,MoonPay,,"manager, web3, crypto, system, training, technical, support, software, voice, financial, operations, operational, excel, health, healthcare",2026-02-20T15:00:01+00:00,https://remoteOK.com/remote-jobs/remote-partner-success-manager-moonpay-1130467
Finance Officer,GOAL Uganda,Kampala,"system, coordinator, support, financial, finance, strategy",2026-02-20T08:01:42+00:00,https://remoteOK.com/remote-jobs/remote-finance-officer-goal-uganda-1130466
IT Officer,GOAL Uganda,Kabarole,"system, security, travel, strategy",2026-02-20T08:01:31+00:00,https://remoteOK.com/remote-jobs/remote-it-officer-goal-uganda-1130465
SAP WalkMe Development Senior Consultant,New Era Technology,India,"consultant, consulting, senior",2026-02-20T08:01:22+00:00,https://remoteOK.com/remote-jobs/remote-sap-walkme-development-senior-consultant-new-era-technology-1130464
Clinical Informaticist,MCG Health,Remote,"technical, lead, content, medical, health, healthcare",2026-02-20T08:01:13+00:00,https://remoteOK.com/remote-jobs/remote-clinical-informaticist-mcg-health-1130463
Administrative Business Partner,OpenAI,San Francisco,"security, support, growth, travel, management, operations, operational, executive",2026-02-20T08:01:05+00:00,https://remoteOK.com/remote-jobs/remote-administrative-business-partner-openai-1130462
Technical Product Manager,Lavendo,San Francisco,"manager, system, technical, growth, voice, video, api, management, lead, engineering",2026-02-20T08:00:59+00:00,https://remoteOK.com/remote-jobs/remote-technical-product-manager-lavendo-1130461
UI UX Designer for Career Services Company,Paired,,"ui, ux, design, founder, designer, technical, operations, operational, marketing, sales, go, recruiting, digital nomad",2026-02-20T08:00:52+00:00,https://remoteOK.com/remote-jobs/remote-ui-ux-designer-for-career-services-company-paired-1130460
Engineering Manager,Sharebite,Remote,"manager, design, technical, support, software, growth, management, lead, engineer, engineering, digital nomad",2026-02-20T08:00:46+00:00,https://remoteOK.com/remote-jobs/remote-engineering-manager-sharebite-1130459
Software Engineer,Lumin Digital,,"software, technical, code, web, scrum, engineer, engineering",2026-02-20T08:00:35+00:00,https://remoteOK.com/remote-jobs/remote-software-engineer-lumin-digital-1130458
Technical Architect AUS Company,Anypear,,"architect, design, consultant, technical, management, recruitment, digital nomad",2026-02-20T08:00:27+00:00,https://remoteOK.com/remote-jobs/remote-technical-architect-aus-company-anypear-1130457
Senior Full Stack Software Developer,Judi Health,,"developer, software, design, system, full-stack, management, senior, medical, health, healthcare, digital nomad",2026-02-20T08:00:20+00:00,https://remoteOK.com/remote-jobs/remote-senior-full-stack-software-developer-judi-health-1130456
Senior Engineering Manager Cloud Enablement,Temporal Technologies,United States,"manager, system, technical, developer, software, code, cloud, lead, senior, engineering, digital nomad",2026-02-20T08:00:12+00:00,https://remoteOK.com/remote-jobs/remote-senior-engineering-manager-cloud-enablement-temporal-technologies-1130455
Social Media Lead,OpenSea,New York CIty,"crypto, copywriter, strategy, lead, content, analytics, health, full-time, non tech",2026-02-20T08:00:01+00:00,https://remoteOK.com/remote-jobs/remote-social-media-lead-opensea-1130454
SaaS Configuration Analyst,Coderio,,"saas, analyst, system, technical, support, software, test, growth, lead, junior, engineering",2026-02-20T00:00:02+00:00,https://remoteOK.com/remote-jobs/remote-saas-configuration-analyst-coderio-1130452
Sales Systems Engineer,Veeam Software,"San Jose, CA, USA","dev, technical, leader, sales, go, engineer, digital nomad",2026-02-19T22:00:13+00:00,https://remoteOK.com/remote-jobs/remote-sales-systems-engineer-veeam-software-1130451
,,,,2026-02-19T20:00:00+00:00,https://remoteOK.com/remote-jobs/remote-1130450
Manager Paid Search,WPP Media,DÃ¼sseldorf,"manager, health, non tech",2026-02-19T16:02:31+00:00,https://remoteOK.com/remote-jobs/remote-manager-paid-search-wpp-media-1130449
Engineering Manager ML Platform and Infrastructure,Applied Intuition,Sunnyvale,"manager, lead, engineering",2026-02-19T16:02:20+00:00,https://remoteOK.com/remote-jobs/remote-engineering-manager-ml-platform-and-infrastructure-applied-intuition-1130448
Sr Director Data Engineering & Analytics,Arcadia,United States,"director, leader, management, lead, analytics, engineering, educational",2026-02-19T16:02:12+00:00,https://remoteOK.com/remote-jobs/remote-sr-director-data-engineering-analytics-arcadia-1130447
CX Specialist,Too Good To Go,Toronto,"golang, health, educational, non tech",2026-02-19T16:02:02+00:00,https://remoteOK.com/remote-jobs/remote-cx-specialist-too-good-to-go-1130446
Real Estate Investor â Expert AI Trainer,Mentis AI,,"trainer, training, financial, investment, investor, finance, analytics, non tech",2026-02-19T16:01:54+00:00,https://remoteOK.com/remote-jobs/remote-real-estate-investor-expert-ai-trainer-mentis-ai-1130445
C++ Developer,Magic Media,,"developer, python, vfx, training, game, technical, support, programmer, software, growth, video, c++, content, go, engineering, full-time, digital nomad",2026-02-19T16:01:48+00:00,https://remoteOK.com/remote-jobs/remote-c-developer-magic-media-1130444
Technical Lead DevOps,Nearform,Italy,"technical, devops, lead, senior, engineering",2026-02-19T16:01:35+00:00,https://remoteOK.com/remote-jobs/remote-technical-lead-devops-nearform-1130443
Data & Market Insights Associate,Elemental Terra,,"other, crypto, finance, web3, bitcoin, education, blockchain, defi",2026-02-19T15:31:41+00:00,https://remoteOK.com/remote-jobs/remote-data-market-insights-associate-elemental-terra-1130442
Marketing Operations Manager,"Chartbeat, Inc.",,"manager, strategy, lead, operations, marketing, analytics, non tech",2026-02-19T11:00:05+00:00,https://remoteOK.com/remote-jobs/remote-marketing-operations-manager-chartbeat-inc-1130441
2D Game Design Intern,Playpower Labs,,"design, game, ui, animation, content, educational, internship, digital nomad",2026-02-19T08:00:47+00:00,https://remoteOK.com/remote-jobs/remote-2d-game-design-intern-playpower-labs-1130440
Senior Security Engineer,You.com,San Francisco,"security, software, senior, engineer, engineering",2026-02-19T08:00:41+00:00,https://remoteOK.com/remote-jobs/remote-senior-security-engineer-you-com-1130439
QA Engineer,Mex Digital FZE ,Dubai,"cryptocurrency, technical, developer, testing, test, growth, qa, financial, fintech, api, reliability, engineer, digital nomad",2026-02-19T08:00:33+00:00,https://remoteOK.com/remote-jobs/remote-qa-engineer-mex-digital-fze-1130438
Mobile Growth Manager Performance Marketing + UA,Phiture GmbH,Spain,"growth, manager, consultancy, test, mobile, marketing, analytics",2026-02-19T08:00:23+00:00,https://remoteOK.com/remote-jobs/remote-mobile-growth-manager-performance-marketing-ua-phiture-gmbh-1130437
DevOps Engineer,InfStones,Texas,"amazon, web3, system, security, support, software, testing, test, code, qa, devops, serverless, cloud, git, node, administrator, management, reliability, engineer, linux, full-time",2026-02-19T08:00:02+00:00,https://remoteOK.com/remote-jobs/remote-devops-engineer-infstones-1130436
Job 27573 Mid Data Developer Brasil,CI&amp;T,Brazil,"developer, cloud, digital nomad",2026-02-19T00:06:05+00:00,https://remoteOK.com/remote-jobs/remote-job-27573-mid-data-developer-brasil-ciampt-1130435
Job 27611 MidSenior Data Developer Brasil,CI&amp;T,Brazil,"developer, design, unity, digital nomad",2026-02-19T00:05:51+00:00,https://remoteOK.com/remote-jobs/remote-job-27611-midsenior-data-developer-brasil-ciampt-1130434
Job 27602 Mid level Developer NodeJS Brazil,CI&amp;T,Brazil,"developer, javascript, nodejs, cloud, api, digital nomad",2026-02-19T00:05:44+00:00,https://remoteOK.com/remote-jobs/remote-job-27602-mid-level-developer-nodejs-brazil-ciampt-1130433
SpÃ©cialiste en acquisition de talents Pipeline & Sourcing,Workleap,Canada,"microsoft, leader",2026-02-19T00:05:37+00:00,https://remoteOK.com/remote-jobs/remote-specialiste-en-acquisition-de-talents-pipeline-sourcing-workleap-1130432
Social Commerce Strategist,Power Digital,Canada,"consulting, strategist, growth, investment, content, marketing",2026-02-19T00:05:28+00:00,https://remoteOK.com/remote-jobs/remote-social-commerce-strategist-power-digital-1130431
Mid Level DevOps Engineer CI CD Optimization,Ubiminds,Remote,"design, hr, system, security, docker, recruiter, support, developer, software, growth, code, devops, management, reliability, engineer, engineering, full-time, digital nomad",2026-02-19T00:05:19+00:00,https://remoteOK.com/remote-jobs/remote-mid-level-devops-engineer-ci-cd-optimization-ubiminds-1130430
Director Asset Protection NAM Retail,ARC&#39;TERYX,"North Vancouver, BC (Corporate)","director, security, training, support, growth, financial, investment, leader, lead, operations, health, ecommerce",2026-02-19T00:05:03+00:00,https://remoteOK.com/remote-jobs/remote-director-asset-protection-nam-retail-arc39teryx-1130429
HR Project Coordinator,Xsolla,Serbia,"hr, game, coordinator, support, financial, video, operational, recruitment, non tech",2026-02-19T00:04:55+00:00,https://remoteOK.com/remote-jobs/remote-hr-project-coordinator-xsolla-1130428
Senior Account Executive Western Europe,,Germany,"saas, game, finance, senior, sales, executive",2026-02-19T00:04:49+00:00,https://remoteOK.com/remote-jobs/remote-senior-account-executive-western-europe-1130427
Engineering Manager Delivery,Mechanical Orchard,United Kingdom (Remote),"manager, system, technical, support, software, growth, travel, operational, engineer, engineering",2026-02-19T00:04:40+00:00,https://remoteOK.com/remote-jobs/remote-engineering-manager-delivery-mechanical-orchard-1130426
Senior Marketing Science Strategist,Power Digital,Brazil,"consulting, strategist, testing, growth, investment, content, senior, marketing",2026-02-19T00:04:34+00:00,https://remoteOK.com/remote-jobs/remote-senior-marketing-science-strategist-power-digital-1130425
Director Global Consulting & System Integrator Partnerships,Ada,,"system, consulting, director, growth, management, lead",2026-02-19T00:04:25+00:00,https://remoteOK.com/remote-jobs/remote-director-global-consulting-system-integrator-partnerships-ada-1130424
Security Specialist,Workwize,,"security, saas",2026-02-19T00:04:17+00:00,https://remoteOK.com/remote-jobs/remote-security-specialist-workwize-1130423
Backend Engineer,dv01,,"saas, financial, investment, api, analytics, engineer, backend",2026-02-19T00:04:08+00:00,https://remoteOK.com/remote-jobs/remote-backend-engineer-dv01-1130422
QA Document Control Specialist,Apogee Therapeutics,Remote,"qa, engineering",2026-02-19T00:03:58+00:00,https://remoteOK.com/remote-jobs/remote-qa-document-control-specialist-apogee-therapeutics-1130421
Workday Enterprise Project Manager,CompassX Group,PST timezone,"manager, hr, system, consulting, technical, testing, financial, strategy, management, lead, executive",2026-02-19T00:03:50+00:00,https://remoteOK.com/remote-jobs/remote-workday-enterprise-project-manager-compassx-group-1130420
Coupa Pay Customer Success Manager 11184,"Coupa Software, Inc.","Los Angeles, California, United States","manager, consulting, technical, software, growth, financial, investment, finance, bank, strategy, management, lead, sales, recruitment",2026-02-19T00:03:43+00:00,https://remoteOK.com/remote-jobs/remote-coupa-pay-customer-success-manager-11184-coupa-software-inc-1130419
Research Data Scientist,Swayable,Remote,"python, growth, director, strategy, content, executive",2026-02-19T00:03:35+00:00,https://remoteOK.com/remote-jobs/remote-research-data-scientist-swayable-1130418
Project Coordinator,Caylent,BRAZIL,"amazon, security, technical, coordinator, web, scrum, cloud, management, senior, engineering, recruitment",2026-02-19T00:03:25+00:00,https://remoteOK.com/remote-jobs/remote-project-coordinator-caylent-1130417
Regional Account Executive,Oasis Security,,"infosec, system, security, management, sales, executive",2026-02-19T00:03:17+00:00,https://remoteOK.com/remote-jobs/remote-regional-account-executive-oasis-security-1130416
Senior Software Engineer Data Observability,DataHub,Palo Alto,"software, design, saas, system, architect, technical, cloud, lead, senior, operational, reliability, engineer, engineering, digital nomad",2026-02-19T00:03:08+00:00,https://remoteOK.com/remote-jobs/remote-senior-software-engineer-data-observability-datahub-1130415
US Client Accounting Advisor,Cloud Accountant Staffing,,"accounting, training, support, bookkeeping, financial, cloud, microsoft, operational, full-time, part-time",2026-02-19T00:03:00+00:00,https://remoteOK.com/remote-jobs/remote-us-client-accounting-advisor-cloud-accountant-staffing-1130414
Marketing Specialist,Vitable Health,Remote,"content, operational, marketing, sales, medical, health, healthcare, non tech",2026-02-19T00:02:53+00:00,https://remoteOK.com/remote-jobs/remote-marketing-specialist-vitable-health-1130413
Enterprise Customer Success Manager,ZipRecruiter,,"manager, ios, support, mobile, strategy, sales, recruiting, recruitment, non tech",2026-02-19T00:02:45+00:00,https://remoteOK.com/remote-jobs/remote-enterprise-customer-success-manager-ziprecruiter-1130412
Portfolio Manager,Engineers Gate,,"manager, support, test, code, financial, investment, strategy, operational, engineering",2026-02-19T00:02:36+00:00,https://remoteOK.com/remote-jobs/remote-portfolio-manager-engineers-gate-1130411
Associate Strategy Analyst,Blytheco,Remote U.S.A.,"analyst, ceo, software, leader, strategy",2026-02-19T00:02:27+00:00,https://remoteOK.com/remote-jobs/remote-associate-strategy-analyst-blytheco-1130410
Business Development Representative,CrowdRiff,Remote,"saas, teach, consult, support, software, travel, marketing, sales, recruitment",2026-02-19T00:02:18+00:00,https://remoteOK.com/remote-jobs/remote-business-development-representative-crowdriff-1130409
Senior Technical Consultant Charles River Everywhere,FormativGroup,,"consultant, system, technical, support, management, senior, operations, operational",2026-02-19T00:02:11+00:00,https://remoteOK.com/remote-jobs/remote-senior-technical-consultant-charles-river-everywhere-formativgroup-1130408
Talent Acquisition Specialist Early Pipeline & Sourcing,Workleap,Canada,"hr, microsoft, recruitment",2026-02-19T00:02:02+00:00,https://remoteOK.com/remote-jobs/remote-talent-acquisition-specialist-early-pipeline-sourcing-workleap-1130407
Sales Development Representative,Unlimit,,"crypto, support, financial, fintech, sales, go, recruiting",2026-02-19T00:01:53+00:00,https://remoteOK.com/remote-jobs/remote-sales-development-representative-unlimit-1130406
KIP Summer 2026 Research Assistant Finance Insurance &amp; Trade Policy R Street Institute,Stand Together,"Washington, DC","assistant, training, support, financial, finance, excel, internship, full-time, part-time, non tech",2026-02-19T00:01:46+00:00,https://remoteOK.com/remote-jobs/remote-kip-summer-2026-research-assistant-finance-insurance-amp-trade-policy-r-street-institute-stand-together-1130405
Senior Content Program Strategist,Pulley,Remote,"system, strategist, management, content, senior, marketing",2026-02-19T00:01:39+00:00,https://remoteOK.com/remote-jobs/remote-senior-content-program-strategist-pulley-1130404
Software Engineer,itD Tech,Arizona,"software, design, python, training, support, engineer, digital nomad",2026-02-19T00:01:29+00:00,https://remoteOK.com/remote-jobs/remote-software-engineer-itd-tech-1130403
Senior Manager Digital Strategy,Monks,,"manager, strategy, senior",2026-02-19T00:01:22+00:00,https://remoteOK.com/remote-jobs/remote-senior-manager-digital-strategy-monks-1130402
Payroll Specialist Lead Germany,Remote - Referral Board,,"payroll, hr, software, management, lead, operations, excel",2026-02-19T00:01:13+00:00,https://remoteOK.com/remote-jobs/remote-payroll-specialist-lead-germany-remote-referral-board-1130401
Data Entry Clerk,Sensor Tower,Seoul,"manager, video, bank, operations, excel, recruitment, non tech",2026-02-18T23:00:01+00:00,https://remoteOK.com/remote-jobs/remote-data-entry-clerk-sensor-tower-1130400
Product & Application Security Engineer,Veeam Software,United States,"security, dev, leader, senior, go, engineer, digital nomad",2026-02-18T22:00:04+00:00,https://remoteOK.com/remote-jobs/remote-product-application-security-engineer-veeam-software-1130399
Personality & Behavior Tutor,xAI,"Palo Alto, CA","tutor, training, technical, support, software, excel, engineering",2026-02-18T21:00:04+00:00,https://remoteOK.com/remote-jobs/remote-personality-behavior-tutor-xai-1130398
Senior Data Engineer,Exadel,"Brazil, Bulgaria, Colombia, Georgia, Lithuania, Poland, Romania","jira, salesforce, code, web, education, mobile, management, senior, operations, analytics, health, engineer, engineering",2026-02-18T16:01:33+00:00,https://remoteOK.com/remote-jobs/remote-senior-data-engineer-exadel-1130396
Automation Sales Manager,Formic,"San Francisco || Sacramento, CA","manager, support, growth, operational, sales, engineering",2026-02-18T16:01:21+00:00,https://remoteOK.com/remote-jobs/remote-automation-sales-manager-formic-1130395
Bilingual Legal Assistant,Distro,Buenos Aires,"assistant, legal, non tech",2026-02-18T16:01:10+00:00,https://remoteOK.com/remote-jobs/remote-bilingual-legal-assistant-distro-1130394
Robotics Field Service Engineer,Formic,"Boston, MA","technical, support, robotics, operations, operational, engineer, engineering",2026-02-18T16:01:03+00:00,https://remoteOK.com/remote-jobs/remote-robotics-field-service-engineer-formic-1130393
Senior Lead Product Designer Operations,Monzo,Cardiff London or  UK,"design, designer, financial, education, bank, lead, senior, operations, engineering, digital nomad",2026-02-18T16:00:45+00:00,https://remoteOK.com/remote-jobs/remote-senior-lead-product-designer-operations-monzo-1130392
Data Analyst,Valtech,Brazil,"analyst, growth",2026-02-18T16:00:34+00:00,https://remoteOK.com/remote-jobs/remote-data-analyst-valtech-1130391
QA Engineer,Mex Digital FZE ,Dubai,"cryptocurrency, technical, developer, testing, test, growth, qa, financial, fintech, api, reliability, engineer, digital nomad",2026-02-18T16:00:18+00:00,https://remoteOK.com/remote-jobs/remote-qa-engineer-mex-digital-fze-1130390
Specialist Business Development and Projects,Stranger Soccer,,"support, travel, mobile, sales, executive",2026-02-18T08:01:18+00:00,https://remoteOK.com/remote-jobs/remote-specialist-business-development-and-projects-stranger-soccer-1130389
Field Marketing Manager,Cogent Security,All,"infosec, manager, security, exec, leader, strategy, management, marketing, sales, executive",2026-02-18T08:01:13+00:00,https://remoteOK.com/remote-jobs/remote-field-marketing-manager-cogent-security-1130388
Manager Paid Social and Digital Acquisition,Cogent Security,All,"infosec, manager, saas, security, testing, test, marketing",2026-02-18T08:01:07+00:00,https://remoteOK.com/remote-jobs/remote-manager-paid-social-and-digital-acquisition-cogent-security-1130387
Regional Lead Civil Engineer Bridge & Structures,BKF Engineers,,"design, consultant, consulting, technical, recruiter, support, code, travel, financial, lead, engineer, engineering, digital nomad",2026-02-18T08:01:00+00:00,https://remoteOK.com/remote-jobs/remote-regional-lead-civil-engineer-bridge-structures-bkf-engineers-1130386
Senior Manager Payroll,Compass Surgical Partners,,"manager, payroll, hr, system, training, recruiter, support, testing, growth, education, management, lead, senior, operations, operational, excel, legal, health, healthcare",2026-02-18T08:00:54+00:00,https://remoteOK.com/remote-jobs/remote-senior-manager-payroll-compass-surgical-partners-1130385
